Type,Name,Request Count,Failure Count,Median Response Time,Average Response Time,Min Response Time,Max Response Time,Average Content Size,Requests/s,Failures/s,50%,66%,75%,80%,90%,95%,98%,99%,99.9%,99.99%,100%
POST,/api/logs,34054,0,1600.0,1861.7170726223594,0.7725109999228152,9844.79355700023,25.0,284.9397062544256,0.0,1600,2000,2300,2500,3300,4400,6600,7700,9300,9800,9800
,Aggregated,34054,0,1600.0,1861.7170726223594,0.7725109999228152,9844.79355700023,25.0,284.9397062544256,0.0,1600,2000,2300,2500,3300,4400,6600,7700,9300,9800,9800
