Type,Name,Request Count,Failure Count,Median Response Time,Average Response Time,Min Response Time,Max Response Time,Average Content Size,Requests/s,Failures/s,50%,66%,75%,80%,90%,95%,98%,99%,99.9%,99.99%,100%
POST,/api/logs,37896,0,1400.0,1512.8789122812498,0.695108999934746,5293.717711999989,25.0,317.7542540978589,0.0,1400,1700,2000,2100,2600,3100,3700,4100,4800,5200,5300
,Aggregated,37896,0,1400.0,1512.8789122812498,0.695108999934746,5293.717711999989,25.0,317.7542540978589,0.0,1400,1700,2000,2100,2600,3100,3700,4100,4800,5200,5300
