Type,Name,Request Count,Failure Count,Median Response Time,Average Response Time,Min Response Time,Max Response Time,Average Content Size,Requests/s,Failures/s,50%,66%,75%,80%,90%,95%,98%,99%,99.9%,99.99%,100%
POST,/api/logs,4318,0,890.0,1126.3051551273809,0.6647780001003412,3886.293949999981,25.0,269.4000955119854,0.0,890,1400,1800,2000,2600,2900,3200,3400,3800,3900,3900
,Aggregated,4318,0,890.0,1126.3051551273809,0.6647780001003412,3886.293949999981,25.0,269.4000955119854,0.0,890,1400,1800,2000,2600,2900,3200,3400,3800,3900,3900
